Customer ID,Gender,Age,Hours at Gym (per week),Fitness Goal,Gym Membership Length (years),Calorie Intake,Preferred Sports Drink Type,Average Weekly Consumption (Bottles)
221958,Female,27,7.3,Build muscle,4,,Electrolyte,10
771155,Female,24,6.2,Endurance training,4,2173,Electrolyte,11
231932,Male,22,7.4,Fat loss,2,1752,Electrolyte,12
465838,Female,23,6,Build muscle,0,2884,Protein shakes,10
359178,Female,18,9.3,Build muscle,5,2559,Protein shakes,14
744167,Male,23,5.7,Flexibility,1,1606,Fresh juice,10
210268,Male,30,5.5,Build muscle,2,2719,Protein shakes,10
832180,Female,26,6.9,Fat loss,1,1940,,10
154886,Male,32,7,Fat loss,4,,Protein shakes,14
237337,Male,24,,Build muscle,0,2870,Electrolyte,15
621430,Female,31,5.4,Build muscle,1,,Protein shakes,10
187498,Male,29,5.8,Build muscle,1,2551,Protein shakes,8
999159,Male,25,4.4,General health,1,2371,Protein shakes,8
275203,Male,24,7.3,Fat loss,1,1533,Fresh juice,14
291335,Female,26,,Endurance training,1,2095,Electrolyte,10
378167,Male,30,4.3,Flexibility,1,1588,Fresh juice,8
141090,Female,29,,General health,1,2030,Fresh juice,10
429365,Male,28,6.699999999999999,Fat loss,3,1955,,9
164820,Female,22,7,Fat loss,1,1774,Fresh juice,11
887201,Male,22,6.5,Endurance training,5,2245,Fresh juice,19
421879,Female,25,3.9,Endurance training,1,2110,Protein shakes,7
818315,Male,24,7.4,Fat loss,1,1733,Fresh juice,12
427069,Other,29,5.1,Endurance training,2,,Protein shakes,6
876997,Female,21,8.600000000000001,Build muscle,4,2976,Protein shakes,12
299041,Male,26,5.6,Fat loss,1,1916,Electrolyte,9
891743,Female,25,5.699999999999999,Build muscle,1,2665,Electrolyte,9
203355,Male,44,7.3,Build muscle,5,2627,Protein shakes,9
335796,Male,31,5.7,Build muscle,0,2736,Electrolyte,11
314176,Male,23,5.9,Endurance training,1,2493,Electrolyte,10
284779,Male,19,8.7,Fat loss,4,1790,Fresh juice,14
447449,Male,29,6.2,Build muscle,3,2606,Electrolyte,13
521909,Male,21,6.2,Fat loss,0,1627,Electrolyte,11
358795,Female,20,7.800000000000001,Fat loss,4,1694,Protein shakes,11
586232,Male,24,8.2,Build muscle,5,2838,Protein shakes,15
600186,Male,25,3.6,Endurance training,1,2393,Energy drinks,12
256730,Male,27,4.5,General health,1,2274,Energy drinks,7
970910,Male,34,5.9,General health,5,2454,Energy drinks,10
484681,Male,32,4.6,Endurance training,1,2394,Protein shakes,6
249503,Female,28,6.4,Fat loss,1,1610,Protein shakes,11
754811,Male,27,7.2,Build muscle,4,2589,Protein shakes,15
627035,Male,28,7.7,Build muscle,5,2750,Energy drinks,11
748143,Male,30,5.3,Build muscle,1,2779,Protein shakes,11
552366,Male,31,5,Flexibility,4,1832,Fresh juice,11
165725,Female,22,8.6,Build muscle,5,2723,Electrolyte,10
229981,Male,24,7.1,Build muscle,4,2600,Protein shakes,11
184654,Female,21,,General health,3,1931,Electrolyte,10
691723,Other,40,5.8,Flexibility,4,1512,Fresh juice,9
419030,Male,37,6.4,General health,4,2256,Fresh juice,10
428947,Female,27,5.5,Build muscle,3,2940,Protein shakes,8
655839,Male,29,5.1000000000000005,Build muscle,0,2996,Protein shakes,12
373538,Female,33,6.2,Build muscle,5,2597,Protein shakes,12
431236,Male,20,6.8,Build muscle,1,2619,Protein shakes,11
628178,Female,27,6.4,Build muscle,4,2792,Protein shakes,12
665894,Male,18,8.5,Fat loss,4,1803,Protein shakes,17
589492,Male,20,4.6,Flexibility,1,1500,Electrolyte,8
356840,Male,23,7.199999999999999,Build muscle,5,2559,Fresh juice,15
573254,Female,29,,Endurance training,1,2249,Electrolyte,13
449457,Female,25,4.3,Endurance training,1,2139,Fresh juice,12
765987,Female,22,8.4,Build muscle,4,2648,Electrolyte,10
370936,Male,27,5.3,Endurance training,3,2394,Electrolyte,7
339931,Female,29,6.2,Build muscle,4,2543,Electrolyte,13
339629,Male,26,7.7,Build muscle,4,2870,Electrolyte,12
305041,Male,18,5.1,General health,2,2497,Fresh juice,13
798361,Male,23,8.7,Build muscle,5,2607,Protein shakes,9
831912,Female,30,,Flexibility,1,1543,Fresh juice,10
517113,Male,29,4.5,Build muscle,1,2577,Protein shakes,6
168148,Female,22,7.699999999999999,Fat loss,1,1725,Protein shakes,15
877089,Female,21,7.1,Fat loss,2,1661,Protein shakes,12
748531,Male,33,6.3,Build muscle,4,2780,,6
351995,Male,32,,Build muscle,2,2752,,8
778843,Male,29,5.9,Endurance training,4,2131,Protein shakes,9
672843,Male,27,5.8,General health,3,2247,Electrolyte,9
356508,Male,21,4.8,General health,1,2273,Fresh juice,10
903591,Male,41,7.2,Fat loss,5,1643,Energy drinks,14
996942,Female,20,6.2,General health,1,1908,Fresh juice,10
206530,Male,32,6.3,Endurance training,4,2193,Electrolyte,16
704365,Female,30,6.8,General health,5,1834,Electrolyte,14
922352,Female,29,5.699999999999999,Fat loss,1,1966,Electrolyte,10
560337,Female,33,3.8,Endurance training,1,2389,Electrolyte,7
824839,Female,22,6,General health,1,2074,Electrolyte,8
905889,Female,23,7,Build muscle,3,2686,Protein shakes,18
559773,Male,27,6.4,General health,4,2042,Fresh juice,10
308261,Male,21,8.2,Fat loss,3,1763,Protein shakes,19
864469,Female,34,7.2,Build muscle,5,2961,,10
441097,Female,29,7.6,Build muscle,5,2509,Fresh juice,11
415139,Male,29,7.800000000000001,Build muscle,4,2950,Electrolyte,9
271829,Male,25,5.8,Fat loss,1,1665,Fresh juice,8
371836,Male,20,,General health,1,2340,Fresh juice,9
538974,Female,32,6.1,Build muscle,3,2770,Protein shakes,8
302283,Male,23,5.2,General health,0,1886,Fresh juice,12
296769,Male,33,6,General health,3,2334,,11
661353,Male,25,6.6,Build muscle,4,2709,Electrolyte,9
323165,Male,26,4.9,General health,1,1845,,6
723587,Female,26,4.9,Flexibility,1,1966,Energy drinks,12
635822,Male,29,5.1,General health,4,2339,Electrolyte,11
587879,Female,19,6.2,General health,1,1825,Fresh juice,8
664685,Male,27,4.4,Flexibility,1,1765,Protein shakes,7
882038,Female,32,4,Endurance training,1,2174,Fresh juice,11
453531,Male,26,4.7,Build muscle,1,2503,Protein shakes,9
363160,Male,33,,General health,1,2110,Protein shakes,10
679879,Female,26,4.3,Endurance training,1,2321,,12
320884,Other,27,6.1,Fat loss,1,1566,Electrolyte,9
123247,Female,32,5.5,Build muscle,1,2634,Protein shakes,9
124300,Female,23,7.5,General health,4,1854,Fresh juice,12
567281,Female,40,3.7,Build muscle,1,2963,Electrolyte,10
707086,Male,35,5.5,Flexibility,4,2042,Fresh juice,7
633556,Other,20,7.2,Build muscle,3,2573,Protein shakes,10
448951,Male,20,,Build muscle,1,2518,Protein shakes,9
374329,Female,36,6.9,Fat loss,1,1655,Protein shakes,7
819064,Female,29,6.6,Build muscle,4,2836,,10
842139,Female,18,5.7,Endurance training,1,2155,,9
532315,Male,28,4.6,Flexibility,1,1646,Protein shakes,5
616588,Male,25,,General health,1,2284,Fresh juice,7
336584,Female,25,6.6,Build muscle,4,2586,,12
662332,Male,30,5.8999999999999995,Build muscle,1,2519,,5
937646,Other,30,5.3,General health,4,2068,Fresh juice,13
476896,Female,34,7,Flexibility,5,1832,Fresh juice,11
148984,Male,28,8.8,Fat loss,4,1542,Fresh juice,11
402918,Female,31,6.800000000000001,Fat loss,4,1894,Electrolyte,5
364712,Male,21,7.1,Build muscle,3,,,12
220151,Female,24,7.9,General health,4,2200,Electrolyte,12
555808,Female,23,5.9,Endurance training,3,2437,Fresh juice,7
233767,Male,31,4.7,Build muscle,1,2805,Protein shakes,7
748663,Male,30,6.2,Build muscle,3,2527,Protein shakes,10
803550,Female,41,3.4,General health,1,2266,Electrolyte,10
236330,Male,21,5.8999999999999995,Build muscle,2,2759,Protein shakes,10
580754,Female,26,5.1,Build muscle,1,2521,Protein shakes,9
401648,Male,31,8.3,Fat loss,5,1969,Protein shakes,13
788519,Male,19,7.4,Build muscle,2,2874,Protein shakes,9
113986,Male,19,,Build muscle,1,2600,Protein shakes,11
686146,Male,34,5.5,General health,4,2350,Electrolyte,8
229312,Male,21,5.3,General health,2,2152,Protein shakes,7
112666,Female,32,,General health,1,2099,Electrolyte,10
400804,Male,34,5.3,General health,1,2481,Protein shakes,8
234633,Male,22,10.3,Fat loss,5,1795,Electrolyte,15
388998,Male,29,3.7,General health,1,2152,Electrolyte,9
950937,Male,29,6.1000000000000005,Build muscle,1,2895,Electrolyte,9
728776,Male,25,4,Endurance training,2,2129,Fresh juice,7
807611,Female,27,3.9,Flexibility,0,,Fresh juice,6
384806,Female,31,3.9000000000000004,Build muscle,0,2573,Protein shakes,8
894824,Male,26,4.9,Build muscle,1,2841,Protein shakes,8
130535,Female,20,8.6,Fat loss,3,1964,Protein shakes,17
475713,Female,29,5.5,Build muscle,1,2589,Fresh juice,12
938688,Male,22,8.6,Build muscle,4,2566,Electrolyte,9
451279,Female,30,5.2,General health,4,2254,Electrolyte,7
921654,Other,21,,Flexibility,1,1831,Fresh juice,11
701661,Male,21,6.1,Fat loss,1,1726,,9
747972,Male,25,,Build muscle,3,2964,Electrolyte,11
589570,Female,34,4.7,Build muscle,1,2847,Electrolyte,8
556551,Female,31,5.2,General health,1,2032,Electrolyte,9
373109,Male,22,9.1,Fat loss,4,1765,Fresh juice,12
124538,Female,18,8,Build muscle,3,2585,Protein shakes,15
994498,Female,28,5.699999999999999,Fat loss,1,1601,Fresh juice,9
301664,Female,29,6,Build muscle,4,2940,Fresh juice,6
591234,Female,30,7.2,Fat loss,4,1980,Protein shakes,10
999684,Female,33,3.9,General health,1,2013,Electrolyte,9
239182,Male,25,7.8,Fat loss,5,1607,Electrolyte,9
572525,Male,31,7.1,Endurance training,5,2164,Protein shakes,10
258338,Female,25,5.300000000000001,Build muscle,3,2960,Protein shakes,14
284064,Female,32,5.8,General health,4,2402,Fresh juice,14
314020,Male,31,4.5,Endurance training,1,2191,Protein shakes,10
723094,Female,21,7.4,Build muscle,4,2834,Fresh juice,13
997421,Female,27,,Fat loss,1,1585,Protein shakes,6
715270,Male,31,4.2,Build muscle,1,2721,Protein shakes,9
745914,Female,39,5.3,General health,1,2223,Fresh juice,6
219176,Female,21,7.199999999999999,Fat loss,3,1600,Electrolyte,9
318126,Female,28,5.5,Flexibility,2,1863,Protein shakes,17
318969,Male,32,7,Build muscle,4,2559,Electrolyte,11
222409,Male,33,3.1,General health,0,2281,Electrolyte,4
647707,Female,25,4.3,Endurance training,2,2249,Protein shakes,9
353618,Male,27,6.7,General health,5,2359,Protein shakes,11
869598,Male,37,4.2,Build muscle,0,2616,Protein shakes,7
150015,Male,29,6.8999999999999995,Fat loss,3,1726,Fresh juice,14
872838,Male,32,6.9,General health,4,2344,Electrolyte,16
222096,Male,18,9.100000000000001,Build muscle,5,2543,Protein shakes,16
731347,Male,20,6.8,Build muscle,4,2975,Electrolyte,9
285340,Male,36,5.7,Fat loss,1,1664,,8
210687,Male,18,8.7,Fat loss,3,,,13
974371,Female,23,7.2,Build muscle,3,2844,Fresh juice,13
511357,Female,25,5.3999999999999995,Build muscle,1,2791,Protein shakes,9
835716,Male,33,4.5,Build muscle,0,2836,Electrolyte,8
205878,Female,21,5.8,General health,0,2085,,11
827270,Male,28,3.6,Endurance training,1,2203,Electrolyte,8
298286,Female,24,8.3,General health,5,2483,Electrolyte,12
873290,Female,18,5.7,Flexibility,0,2023,Fresh juice,6
874684,Other,31,7.4,Fat loss,4,,Electrolyte,12
264899,Female,25,,Build muscle,6,2620,,10
424767,Female,32,5.8,Build muscle,2,2932,Protein shakes,9
961882,Female,21,5.7,Build muscle,1,2743,Protein shakes,7
979858,Male,22,6.5,Flexibility,1,2163,Electrolyte,10
479989,Male,24,6.3,Fat loss,1,1651,Fresh juice,9
515515,Female,42,5.9,Build muscle,4,2687,Protein shakes,14
143585,Male,26,6.8,Build muscle,5,2894,Protein shakes,9
471369,Female,30,6.7,Fat loss,2,1512,Electrolyte,5
164044,Male,25,3.6,Endurance training,1,2090,Protein shakes,14
542296,Male,32,6,Build muscle,4,,Protein shakes,13
209556,Male,29,6.5,Flexibility,4,2085,Energy drinks,12
626981,Male,33,5.5,Fat loss,1,1755,Electrolyte,10
981691,Female,20,,Build muscle,4,2955,Protein shakes,9
867595,Male,22,,General health,1,2247,Fresh juice,10
300235,Male,34,6.7,Build muscle,4,2775,Protein shakes,11
125939,Male,31,4,Flexibility,1,1570,Electrolyte,6
252906,Male,32,5.6,Flexibility,5,2089,Fresh juice,9
642335,Female,25,5.5,General health,4,1929,,12
388249,Male,32,4.8,General health,1,1842,Fresh juice,10
175766,Female,24,8.6,Build muscle,5,2507,Electrolyte,14
508923,Female,28,4.3,Flexibility,1,1512,Fresh juice,7
515192,Female,31,6.4,Fat loss,1,1712,Electrolyte,8
668550,Female,20,6.5,General health,3,2422,Protein shakes,13
487261,Female,21,6.5,Flexibility,4,2034,Fresh juice,6
910208,Other,38,5.9,Flexibility,4,1801,Fresh juice,10
785440,Male,31,,General health,0,2326,Fresh juice,9
752664,Male,28,6.4,Build muscle,2,2629,Fresh juice,10
554589,Male,24,4.7,Flexibility,0,2072,Electrolyte,9
237848,Male,25,5.1,Endurance training,4,2114,Fresh juice,9
717075,Female,25,4.5,Flexibility,1,1959,Electrolyte,9
227948,Female,25,7.1,Endurance training,6,2319,Electrolyte,12
679304,Male,26,6.2,Build muscle,4,2807,Protein shakes,10
502690,Male,22,7.5,Build muscle,1,2919,Protein shakes,11
599046,Male,25,7.8,Fat loss,5,1950,Protein shakes,14
551269,Female,23,5.9,General health,1,2124,Protein shakes,8
121959,Female,29,6.2,Build muscle,3,2566,Fresh juice,10
760890,Male,35,6.7,Fat loss,1,1748,Electrolyte,8
850216,Female,26,6.4,Build muscle,4,2674,Protein shakes,8
890180,Female,21,5.7,General health,1,2313,Fresh juice,12
328576,Male,25,5.8,Fat loss,1,1671,Electrolyte,9
637833,Female,21,6.6,Build muscle,1,,Protein shakes,9
265838,Female,28,5.5,Build muscle,3,2947,Protein shakes,6
435674,Male,25,3.7,Build muscle,0,2964,Protein shakes,9
979989,Male,32,6,Fat loss,1,1833,Protein shakes,8
161087,Male,33,6.7,Build muscle,4,2783,Electrolyte,12
693128,Male,31,6.5,Build muscle,4,2974,Energy drinks,12
218451,Female,20,6.5,Flexibility,1,1553,Electrolyte,13
547600,Female,20,5.6,General health,1,2257,Protein shakes,10
937437,Male,19,8.2,Fat loss,3,1566,Electrolyte,14
539792,Male,33,3.7,Flexibility,1,1919,Fresh juice,7
139353,Male,24,7.1,Build muscle,1,2601,Protein shakes,13
293075,Male,36,5.3,Endurance training,3,2119,Fresh juice,6
314283,Female,35,,Endurance training,1,2190,Protein shakes,9
414877,Male,24,8.3,Fat loss,5,,Protein shakes,10
165318,Male,27,4.699999999999999,Build muscle,0,2969,Fresh juice,11
865313,Male,19,5.8,Fat loss,1,1803,Protein shakes,10
582690,Female,30,8.5,Fat loss,4,1922,Protein shakes,14
516880,Male,35,5,General health,3,2358,Fresh juice,13
691460,Female,22,5.3999999999999995,Build muscle,1,2721,,10
840976,Male,26,5.3,Build muscle,1,2520,Protein shakes,9
881239,Female,33,5.3,Build muscle,2,2657,Electrolyte,11
193264,Female,19,8.3,Build muscle,4,2847,Protein shakes,8
870746,Male,21,6.5,Fat loss,1,1658,Energy drinks,8
913168,Male,18,6,Build muscle,1,2876,Fresh juice,8
325281,Female,34,5.5,General health,4,2034,Fresh juice,15
737147,Female,25,7.4,Build muscle,4,2649,,10
998613,Male,31,5.8,Build muscle,2,2904,Protein shakes,7
494070,Male,23,,Endurance training,0,2256,Protein shakes,9
452228,Female,29,,Build muscle,4,2664,Protein shakes,12
531839,Female,25,5.4,Endurance training,4,2076,,6
369536,Male,22,7.4,Endurance training,4,2084,Fresh juice,11
417824,Female,20,6,Build muscle,1,2545,Energy drinks,7
357426,Male,32,6.1,Build muscle,3,2892,Electrolyte,6
277789,Female,20,6.9,Build muscle,4,2900,Energy drinks,12
613153,Male,30,7.6,Build muscle,5,2546,Fresh juice,10
842452,Male,28,6.3,Build muscle,4,2712,Protein shakes,12
937291,Male,27,4,Build muscle,0,2978,Protein shakes,10
225657,Female,26,4.9,Build muscle,2,2986,Protein shakes,10
335167,Male,20,6.1000000000000005,Fat loss,1,1558,Protein shakes,11
781669,Male,23,5.1,Endurance training,1,2053,Fresh juice,10
580671,Male,28,7.9,Fat loss,6,1841,Protein shakes,13
819094,Male,33,3.8000000000000003,Build muscle,0,,Protein shakes,7
170467,Other,22,6.5,Build muscle,1,2691,Protein shakes,14
283734,Male,28,4.9,General health,1,2302,Protein shakes,8
722794,Female,24,6.3999999999999995,Fat loss,0,1505,Fresh juice,11
209751,Female,27,6.3,General health,4,1943,Energy drinks,12
481050,Male,23,5,Build muscle,0,2845,Protein shakes,8
911774,Male,23,6.4,Endurance training,3,2260,Electrolyte,11
792517,Male,28,7.1,Fat loss,4,1572,Electrolyte,8
561079,Male,23,7.2,Build muscle,1,2673,Protein shakes,12
468452,Male,27,7.6,Fat loss,4,1731,Fresh juice,10
206081,Male,27,6.3,Fat loss,3,,Electrolyte,8
713333,Female,34,6.7,Build muscle,4,2927,Protein shakes,8
658986,Male,39,7,Build muscle,3,2946,Electrolyte,11
210078,Male,30,5.7,General health,4,2021,,8
967055,Female,35,4.3,Flexibility,1,,Fresh juice,7
122671,Male,20,9.5,Build muscle,6,2615,,11
518400,Female,21,,Build muscle,4,2525,Protein shakes,12
455528,Female,38,7.1,Build muscle,4,2552,Protein shakes,15
710490,Male,32,7.2,Endurance training,5,2364,Electrolyte,11
151663,Female,30,5.2,Build muscle,1,2528,Protein shakes,10
115708,Male,23,5.5,Flexibility,1,1518,Fresh juice,8
978338,Male,43,5.8,Build muscle,4,2802,Protein shakes,8
411955,Male,23,,Build muscle,0,2891,,14
233883,Male,25,5.7,Endurance training,4,2278,Energy drinks,8
418394,Female,23,5.8,General health,3,2428,Fresh juice,14
212547,Male,26,7.4,Fat loss,4,1605,Fresh juice,10
659042,Male,29,7.5,Fat loss,4,1918,Fresh juice,14
851102,Male,26,4.3,Flexibility,1,1808,Fresh juice,6
862002,Female,28,7.2,Build muscle,3,2726,Electrolyte,9
242483,Male,33,6.6,General health,4,1985,Protein shakes,10
758271,Female,23,7.4,Build muscle,5,,Protein shakes,14
314835,Male,26,5.7,General health,4,2327,Electrolyte,8
501896,Female,25,4.6,Endurance training,1,2272,Electrolyte,8
184896,Other,23,8.7,Build muscle,5,2659,Electrolyte,15
577095,Female,23,,General health,3,2023,Fresh juice,7
171295,Female,27,7.8,Build muscle,5,2755,Protein shakes,9
843974,Male,28,6.1,Build muscle,2,2679,Protein shakes,7
987121,Female,30,8.3,Fat loss,5,1519,Electrolyte,14
373255,Male,26,6.1,Build muscle,4,2611,,7
399648,Male,21,6.4,Endurance training,1,2119,Electrolyte,11
757162,Male,30,6.5,Build muscle,4,2693,Protein shakes,10
108155,Female,30,6.2,Build muscle,2,2967,Protein shakes,11
566872,Male,33,6.2,Build muscle,1,2610,Protein shakes,7
925816,Female,34,5.6,Build muscle,4,2709,Protein shakes,14
474705,Female,30,6,Fat loss,0,1500,Protein shakes,8
671542,Female,30,4.6,General health,2,,Electrolyte,10
908350,Female,28,3.5,Flexibility,0,1592,Fresh juice,8
710269,Female,35,4.6,General health,0,2020,Electrolyte,11
654594,Other,24,6.8,Build muscle,4,2710,Electrolyte,11
247718,Female,26,6.1,Fat loss,1,1927,Fresh juice,12
408987,Female,29,6.7,Build muscle,3,2731,Protein shakes,9
745263,Other,28,5.5,Build muscle,1,2761,Electrolyte,11
458745,Female,20,7.199999999999999,Fat loss,1,1863,Electrolyte,8
207512,Male,21,5.5,Build muscle,1,2602,Protein shakes,10
247443,Male,29,5.800000000000001,Build muscle,4,2549,Protein shakes,12
570587,Male,27,7,Flexibility,6,1873,Energy drinks,11
473616,Male,30,6.9,Fat loss,1,1609,Protein shakes,10
757409,Female,26,6.5,Fat loss,1,1955,Electrolyte,10
786976,Female,25,7,Build muscle,5,2587,Protein shakes,8
465871,Female,32,,Build muscle,3,2519,Electrolyte,12
475037,Male,26,4.7,General health,1,1813,Protein shakes,9
907364,Female,18,6.6,Build muscle,0,2632,Electrolyte,11
217796,Female,33,4.9,Fat loss,0,1924,Protein shakes,9
391999,Female,18,7.4,Build muscle,4,2795,Protein shakes,12
292506,Female,34,6.800000000000001,Fat loss,1,1533,Protein shakes,13
798376,Female,22,6.1,Build muscle,1,2879,Electrolyte,12
369544,Male,26,4.9,General health,2,2007,Protein shakes,4
480002,Female,31,4.8,General health,1,1998,Fresh juice,8
798002,Male,34,4.4,General health,1,2391,Protein shakes,11
639439,Male,25,5.2,Build muscle,2,2570,Protein shakes,11
690978,Female,25,4.6,General health,1,1954,Protein shakes,6
628787,Male,27,6.8,Fat loss,1,1577,Protein shakes,8
630583,Female,29,6.3999999999999995,Build muscle,3,2577,Protein shakes,14
488215,Male,24,5.4,Endurance training,0,2171,Fresh juice,11
421184,Female,25,5.4,Build muscle,1,2788,Electrolyte,12
898615,Male,25,6.3,Build muscle,2,2532,Electrolyte,9
522515,Other,28,6.6,General health,4,2219,Fresh juice,7
768234,Female,33,5.3,Build muscle,3,2506,Fresh juice,10
478480,Male,33,5.199999999999999,Fat loss,0,1659,Fresh juice,6
132711,Female,28,5.5,Build muscle,1,2739,Protein shakes,8
891971,Other,27,3.8,General health,1,2222,Protein shakes,12
601157,Male,19,7.2,Flexibility,4,2035,Fresh juice,10
284423,Male,36,5.4,General health,2,1869,Fresh juice,7
616349,Male,25,6.2,Build muscle,1,2867,Protein shakes,9
803714,Male,21,6.5,Build muscle,1,2715,Energy drinks,7
757917,Female,25,5.1,Fat loss,2,1603,Energy drinks,11
924792,Female,27,7.3999999999999995,Build muscle,5,,Protein shakes,13
837378,Male,18,7.7,Build muscle,4,2553,Protein shakes,8
233272,Male,21,,Fat loss,1,1793,Protein shakes,9
867836,Female,27,7.2,Fat loss,4,1829,Protein shakes,10
802335,Male,23,7.4,Flexibility,4,1702,Fresh juice,11
907789,Male,25,7.8999999999999995,Build muscle,5,,Electrolyte,12
743409,Female,30,6.6,Build muscle,2,2544,Electrolyte,11
177505,Female,27,4.5,Build muscle,1,2816,Protein shakes,12
102869,Female,23,6.6,Flexibility,4,1697,Fresh juice,9
881474,Female,28,4.3,General health,0,2015,Electrolyte,4
554351,Male,21,4.9,General health,1,2280,Energy drinks,8
412252,Female,22,6.2,Flexibility,2,1808,Energy drinks,11
736584,Male,31,6.6,Fat loss,1,1883,Electrolyte,8
718467,Male,24,8.5,Fat loss,4,1934,Fresh juice,11
190272,Male,26,7.4,Build muscle,5,2831,Energy drinks,7
138467,Male,21,5.7,Fat loss,0,,Electrolyte,12
909760,Female,20,,Fat loss,3,1526,,8
977844,Male,28,7.5,Fat loss,5,1665,Electrolyte,15
580047,Male,26,5.9,Flexibility,4,1817,Fresh juice,11
759347,Male,31,4.1,Flexibility,1,1773,Energy drinks,8
158871,Male,26,6.5,General health,4,2182,Electrolyte,15
228391,Female,27,5.4,General health,1,2164,,11
539430,Male,31,4.4,Endurance training,1,2102,Fresh juice,9
710704,Female,24,8,Build muscle,3,2947,Electrolyte,10
956703,Male,27,6.6,Build muscle,5,2832,Protein shakes,16
930496,Female,26,6.5,Endurance training,5,2372,,9
356687,Female,36,6.8,General health,5,2415,Fresh juice,8
825451,Male,26,6,Build muscle,1,2913,Electrolyte,6
207450,Female,29,6.3,Flexibility,3,1744,Fresh juice,12
271890,Male,32,7.7,Build muscle,5,2804,Protein shakes,11
538741,Male,24,7.9,Build muscle,4,,Protein shakes,13
381974,Other,24,6,Endurance training,0,2115,Fresh juice,10
500109,Male,22,8.3,Build muscle,5,2640,Fresh juice,9
216381,Male,27,6,Build muscle,3,2917,Protein shakes,10
573125,Female,29,5.6,Build muscle,4,2855,Electrolyte,13
671621,Male,24,5.4,General health,1,2277,Energy drinks,15
234508,Female,27,7.1,Fat loss,4,1624,Protein shakes,12
829650,Male,24,4.5,Endurance training,0,2024,Protein shakes,10
962645,Female,18,7.5,Fat loss,3,1693,Protein shakes,9
499111,Female,37,7.1,Build muscle,5,2883,Electrolyte,14
250810,Female,30,5.6,Flexibility,4,2111,Fresh juice,7
392890,Female,25,6.2,Build muscle,3,2901,Protein shakes,13
673665,Male,23,4.8,Flexibility,1,2016,Electrolyte,11
940477,Other,28,7.4,Fat loss,5,1518,Protein shakes,12
460032,Male,28,5,Flexibility,1,2181,Fresh juice,10
469599,Male,34,8.4,Build muscle,6,2773,Protein shakes,10
760960,Male,23,8.3,Fat loss,3,1753,Electrolyte,14
850020,Male,21,6.3,Build muscle,1,2620,Protein shakes,9
979611,Male,30,7.1000000000000005,Build muscle,4,2531,Protein shakes,10
271836,Female,34,6,Endurance training,4,2148,Protein shakes,15
829903,Female,24,7.3,Build muscle,4,2765,Protein shakes,12
145714,Other,23,8,Fat loss,2,1536,Energy drinks,8
727234,Male,28,7.4,Build muscle,4,2676,Electrolyte,10
996048,Female,28,6.8,Build muscle,3,2841,Protein shakes,8
730271,Male,26,4.8,General health,0,1812,Fresh juice,13
566960,Male,22,9.6,Fat loss,6,1682,Electrolyte,14
811851,Male,34,5.7,Endurance training,3,2144,Fresh juice,8
224123,Male,33,5,Endurance training,1,2264,Protein shakes,11
405628,Female,29,5.4,General health,1,1887,Fresh juice,9
182989,Female,26,3.6,Build muscle,0,2927,Protein shakes,10
398356,Male,24,7.9,Endurance training,4,2461,Electrolyte,13
929957,Male,28,4.6,Flexibility,1,1545,Fresh juice,6
278274,Male,36,4.7,General health,1,2191,Protein shakes,11
787995,Male,25,7.1,Fat loss,4,1618,Electrolyte,9
425352,Other,34,7,Endurance training,5,2420,Protein shakes,13
920260,Male,31,5.5,General health,2,2330,Electrolyte,9
511927,Male,25,5.6,Endurance training,4,2446,Energy drinks,12
889852,Male,22,6,Build muscle,1,2719,Protein shakes,8
983184,Female,30,4.5,Build muscle,1,2929,Energy drinks,11
231373,Other,35,4,General health,1,,,7
538452,Female,26,7.2,Build muscle,4,2954,Electrolyte,9
215294,Female,37,4.9,General health,1,1845,Protein shakes,7
559451,Male,20,6.1,Build muscle,1,2873,Protein shakes,7
748307,Male,34,7.5,Fat loss,5,1545,Protein shakes,15
165726,Other,26,6.9,Build muscle,2,2958,Fresh juice,16
241564,Female,37,,Build muscle,3,2513,Protein shakes,12
477812,Female,20,4.6,Flexibility,1,2096,Electrolyte,11
368246,Female,28,5.1,General health,4,1802,Fresh juice,8
805696,Female,33,5.6,Endurance training,3,2027,Electrolyte,8
218015,Female,20,8,Fat loss,2,1880,Electrolyte,11
840674,Other,34,7.2,Endurance training,5,2156,Protein shakes,9
354079,Female,23,6.1,Endurance training,4,2342,Fresh juice,12
650929,Female,23,7.4,Fat loss,3,1901,Protein shakes,10
789944,Female,19,7.4,Build muscle,4,2918,Protein shakes,10
788105,Male,25,5.9,Endurance training,2,2332,Protein shakes,9
613758,Female,27,5.9,General health,5,2486,Protein shakes,13
465890,Male,29,6.3,Flexibility,3,1613,Energy drinks,10
545101,Female,22,,Build muscle,3,2888,Electrolyte,9
136631,Other,26,4.6,General health,1,2286,Fresh juice,15
866577,Female,25,7.4,Fat loss,3,1830,Fresh juice,13
172991,Male,31,8.9,Fat loss,5,1749,Electrolyte,12
104014,Male,32,4.3,Build muscle,1,2558,Electrolyte,9
373237,Male,37,7.199999999999999,Fat loss,3,1702,Fresh juice,8
118070,Female,18,7.8999999999999995,Build muscle,4,2814,Protein shakes,7
922209,Male,26,5.8,Build muscle,4,2738,Fresh juice,8
156958,Male,18,7.6,General health,4,2033,Electrolyte,11
182074,Male,30,3.7,General health,1,2102,Electrolyte,10
635017,Female,32,8.7,Fat loss,5,1594,Protein shakes,10
855073,Female,19,4.9,Flexibility,1,2152,Fresh juice,8
276089,Male,23,6.8,Build muscle,2,2833,Protein shakes,7
297392,Male,33,4.8,Build muscle,0,2612,Protein shakes,9
258823,Male,38,5,Endurance training,1,2108,Electrolyte,6
730152,Female,31,6.3,Build muscle,4,2861,Protein shakes,10
493002,Female,35,,Build muscle,1,2844,Protein shakes,11
833429,Male,31,7.2,Build muscle,4,2788,Protein shakes,9
598863,Female,23,6.3999999999999995,Build muscle,1,2596,Protein shakes,11
467654,Male,28,4.9,General health,1,1815,Protein shakes,7
679036,Female,25,6.5,Build muscle,5,2543,Protein shakes,15
630089,Male,21,8.2,Fat loss,4,1941,Electrolyte,12
250262,Male,24,7.4,Build muscle,4,2875,Protein shakes,9
542905,Male,31,5.3,Endurance training,1,,Electrolyte,11
335362,Female,29,4.7,Build muscle,1,2889,Protein shakes,7
544209,Female,28,3.2,General health,0,,,8
653880,Male,28,7.5,Fat loss,4,1716,Electrolyte,10
897079,Female,30,7.1,Build muscle,4,2898,Electrolyte,13
764076,Female,33,6.5,Fat loss,3,1759,Fresh juice,9
319963,Male,24,7.1000000000000005,Build muscle,4,2811,Protein shakes,10
580761,Male,21,9.7,Fat loss,6,1819,Electrolyte,11
348710,Female,29,5.7,Build muscle,3,2695,Protein shakes,11
320984,Male,23,6.7,Flexibility,4,1977,Fresh juice,15
997059,Male,29,6.3,Build muscle,5,2917,,8
956748,Other,28,5.6,Endurance training,2,2474,Protein shakes,9
882355,Male,22,9.1,Build muscle,5,2594,Protein shakes,11
364512,Male,29,6.4,Build muscle,4,2555,Electrolyte,10
701863,Male,33,7.8,Fat loss,4,1531,Electrolyte,8
368799,Female,27,6.9,Flexibility,4,1730,Fresh juice,9
337549,Male,21,6.7,Build muscle,2,2871,Protein shakes,9
694319,Male,24,7.3,Build muscle,2,2508,Electrolyte,12
584299,Male,28,5.5,Build muscle,1,2690,Electrolyte,11
712210,Male,30,6.1,Build muscle,4,2860,Protein shakes,9
548982,Male,37,7.2,Build muscle,4,2699,Protein shakes,13
224046,Male,22,7.9,Fat loss,4,1833,Electrolyte,10
506619,Female,26,4.9,Build muscle,2,2660,Protein shakes,9
132097,Male,31,,Build muscle,5,2586,Electrolyte,11
766326,Male,31,4.2,General health,2,1820,Protein shakes,12
749150,Male,21,9.2,Build muscle,5,2810,,10
330229,Male,28,,Build muscle,1,2575,Protein shakes,12
218834,Male,27,7.300000000000001,Build muscle,4,2940,Protein shakes,12
193848,Female,30,4,Endurance training,1,2385,Fresh juice,5
152921,Male,25,5.1,Build muscle,3,2640,Protein shakes,13
805086,Male,19,6.199999999999999,Fat loss,2,1625,Fresh juice,9
750429,Male,27,7,Build muscle,5,2750,Protein shakes,11
805660,Female,39,7.8,Fat loss,5,1887,Electrolyte,11
384821,Female,22,7.9,Build muscle,2,2583,Fresh juice,10
155609,Female,36,6.1,Endurance training,4,2433,Protein shakes,8
327897,Male,22,7.2,General health,5,2170,Fresh juice,11
131024,Female,31,4.3,Endurance training,1,2047,Electrolyte,7
170313,Male,30,7.2,Build muscle,5,2878,Protein shakes,9
489957,Male,25,5.3,Build muscle,1,2577,Protein shakes,9
284078,Male,31,6.1000000000000005,Build muscle,1,2529,Electrolyte,11
457429,Male,22,6.1,Build muscle,1,2784,Protein shakes,14
561243,Other,29,5.6,Build muscle,3,2635,Protein shakes,7
213632,Female,32,3.9,General health,1,1939,Electrolyte,8
351451,Male,28,6.3999999999999995,Build muscle,2,2540,Electrolyte,12
103051,Female,21,6.5,Fat loss,0,1985,Electrolyte,10
804107,Other,32,7.800000000000001,Fat loss,4,1781,Electrolyte,8
476836,Female,23,7.800000000000001,Fat loss,1,1549,Protein shakes,11
711523,Female,35,5.4,Build muscle,2,2757,Electrolyte,11
821772,Female,35,4.4,General health,1,2159,Electrolyte,12
289407,Other,27,7.3999999999999995,Build muscle,4,2939,Energy drinks,8
549395,Female,27,5.2,General health,1,,Protein shakes,7
562894,Male,19,7,General health,4,1933,Protein shakes,12
311810,Male,18,6.2,General health,4,2439,Fresh juice,8
827975,Female,23,6.8,Fat loss,3,1603,Fresh juice,11
173523,Male,28,5.300000000000001,Build muscle,0,2753,Electrolyte,14
860463,Female,31,6.8,Build muscle,5,2594,Protein shakes,7
194476,Male,39,4.8,Endurance training,2,2336,Protein shakes,10
333841,Male,30,4.8999999999999995,Build muscle,1,2716,Protein shakes,9
903451,Male,26,5.3,General health,4,2372,Fresh juice,7
970045,Male,28,3.9,Build muscle,0,2979,Fresh juice,7
322866,Other,24,5.4,Build muscle,1,2767,Fresh juice,9
186672,Female,20,8.5,Build muscle,5,2740,Protein shakes,12
698135,Female,25,7,Build muscle,3,,Electrolyte,15
444894,Female,28,7.1,Fat loss,4,1646,Fresh juice,12
834994,Male,23,6,General health,4,2400,Protein shakes,9
128251,Male,28,,Endurance training,4,2094,Electrolyte,8
727769,Female,29,4.1,General health,2,2092,Fresh juice,7
474710,Male,24,6.4,General health,1,1824,Electrolyte,7
650233,Male,26,7.3,General health,5,2071,Electrolyte,11
977284,Male,33,,Build muscle,1,2665,Energy drinks,8
132217,Male,31,6.3,General health,4,1886,Electrolyte,7
108308,Other,25,5.1,Build muscle,1,2641,Electrolyte,9
368093,Female,27,5.1,Build muscle,3,2633,Protein shakes,15
283062,Male,18,5.4,Endurance training,1,2472,Protein shakes,8
494366,Female,37,7,Build muscle,4,2778,Electrolyte,12
844840,Female,28,4.6000000000000005,Build muscle,1,2625,Protein shakes,6
200235,Male,28,5.6,Build muscle,3,2815,Protein shakes,8
174740,Female,25,4.8,Build muscle,1,2990,Protein shakes,13
478496,Female,22,5.3,Flexibility,2,1640,Protein shakes,6
953049,Male,34,6.4,Build muscle,3,2855,Protein shakes,10
850201,Male,22,7.6000000000000005,Build muscle,4,2602,Electrolyte,10
903328,Male,31,8.4,Fat loss,4,1725,Protein shakes,12
277247,Male,26,5.1,Build muscle,1,2889,Protein shakes,7
763165,Male,32,5.3,Flexibility,1,2074,Electrolyte,8
629525,Female,23,7.3,Build muscle,3,2793,Protein shakes,11
120056,Male,25,7.3,Fat loss,4,1883,Electrolyte,13
276615,Male,31,4.1,Endurance training,2,2305,Electrolyte,9
287628,Female,21,8,Flexibility,4,1753,,11
738836,Female,26,3.3,Endurance training,0,2179,Protein shakes,10
473632,Male,27,,General health,1,1839,Electrolyte,9
234415,Male,29,6.5,Build muscle,4,2763,Electrolyte,14
506716,Male,25,5.5,Build muscle,0,2688,Electrolyte,9
546438,Female,29,5.6,Build muscle,2,2507,Protein shakes,9
653663,Male,28,4.5,General health,3,2415,Protein shakes,12
765022,Male,30,4.8,Build muscle,1,2724,Electrolyte,8
641252,Other,21,5.8,Build muscle,2,2533,Electrolyte,7
737717,Male,19,6.1,Build muscle,1,2735,Protein shakes,10
352764,Female,20,6,Build muscle,0,2962,Protein shakes,8
814998,Other,33,4.7,Build muscle,1,2727,Protein shakes,6
566882,Male,18,4.5,Flexibility,0,2199,Fresh juice,9
840427,Female,20,9.6,Fat loss,4,1812,Electrolyte,16
612153,Male,30,5,Endurance training,1,2482,Fresh juice,7
167215,Female,20,4.8,General health,1,2229,Protein shakes,8
955474,Female,30,7.5,Build muscle,4,2521,Fresh juice,17
244356,Female,28,7.9,Build muscle,6,2842,Protein shakes,10
303861,Male,27,5.1,Build muscle,2,2539,Protein shakes,11
455612,Female,25,4.8,Build muscle,0,2672,Protein shakes,5
554605,Female,20,5.2,Endurance training,1,2438,Protein shakes,7
109435,Male,29,6.2,Build muscle,3,2678,Protein shakes,7
547556,Female,19,6.8,Build muscle,1,2585,Protein shakes,11
799438,Male,27,6.199999999999999,Fat loss,3,1632,Fresh juice,8
965264,Male,27,3.8,Flexibility,1,1850,Fresh juice,8
675581,Male,26,4.7,General health,1,2324,Protein shakes,12
178781,Male,27,5,General health,1,2339,Electrolyte,12
291475,Male,39,5.4,General health,1,2305,Fresh juice,6
260196,Female,34,7.1,Build muscle,5,2583,Protein shakes,12
326507,Male,30,5.1,General health,4,2263,Fresh juice,11
406063,Female,24,7.7,Build muscle,4,2817,Protein shakes,9
864121,Male,27,5.3,Endurance training,1,2348,Protein shakes,8
876665,Female,24,6.6,Endurance training,3,2342,Fresh juice,13
790607,Other,29,5.7,Build muscle,1,2779,Electrolyte,11
221172,Male,21,6.3,General health,4,2062,Electrolyte,10
456902,Female,22,6.1,Flexibility,4,1665,Electrolyte,7
584963,Male,37,6,Build muscle,1,2792,Protein shakes,11
555968,Female,34,3.3,General health,0,2308,Electrolyte,8
418717,Male,23,6.2,Build muscle,1,2567,,13
159101,Female,18,,Fat loss,1,1725,Electrolyte,8
595972,Male,30,5,Fat loss,1,1669,Protein shakes,9
388790,Female,22,9.3,Fat loss,3,1585,Protein shakes,11
990617,Female,31,6.3,Flexibility,4,2144,Electrolyte,12
647337,Male,36,4.8,General health,3,2247,Fresh juice,13
834965,Male,19,6.3,General health,1,2489,Fresh juice,11
460260,Male,22,7.6,Build muscle,4,2989,Protein shakes,19
983811,Male,22,8.3,Flexibility,5,2001,Fresh juice,10
692673,Female,18,6.9,Build muscle,1,2751,Protein shakes,13
750419,Male,27,,General health,4,2326,Electrolyte,10
533374,Male,29,6,Build muscle,4,2722,Protein shakes,11
820777,Male,30,6,Build muscle,2,2878,Protein shakes,16
647577,Female,28,5.9,Endurance training,4,2200,Protein shakes,12
472370,Male,36,6,Build muscle,1,2606,Protein shakes,9
987225,Male,26,5.3,Build muscle,1,2749,Protein shakes,12
371967,Male,26,5.5,Build muscle,0,2936,Protein shakes,10
291232,Male,28,5.6,Build muscle,3,2908,Protein shakes,8
404119,Female,30,6.2,Build muscle,4,2588,Electrolyte,9
109540,Male,28,4.6,Build muscle,1,2624,Protein shakes,11
640652,Male,30,,Fat loss,4,,Electrolyte,14
497827,Female,27,4.6000000000000005,Build muscle,1,2968,Protein shakes,7
651951,Female,20,7.4,Endurance training,4,2136,Energy drinks,14
151991,Male,29,5.2,Build muscle,2,2746,Protein shakes,10
288751,Female,37,5.6,Flexibility,3,1995,Fresh juice,12
466326,Female,31,5.7,General health,4,2477,Fresh juice,8
786337,Male,25,7.1,Build muscle,4,2649,Fresh juice,9
718992,Female,29,6.4,General health,4,2142,Fresh juice,12
149115,Female,37,,General health,1,2379,Electrolyte,9
453151,Male,37,7.2,Flexibility,5,1820,Fresh juice,12
843583,Male,31,5.5,Fat loss,0,1809,Electrolyte,8
291962,Male,31,6.2,Build muscle,4,2913,,8
821747,Female,30,5.5,Endurance training,2,2348,,11
249143,Other,31,4.9,Endurance training,2,2019,Protein shakes,11
814635,Female,34,5.7,Endurance training,3,2288,Electrolyte,12
636226,Male,32,6.3,Build muscle,3,2988,Protein shakes,10
453824,Female,22,6.5,General health,3,2291,Fresh juice,9
104000,Female,30,6.7,Flexibility,4,2111,,9
825948,Male,22,8.8,Build muscle,5,2751,Protein shakes,14
987474,Male,32,6.2,Build muscle,4,2969,Fresh juice,10
455754,Female,35,7.3,Build muscle,4,2576,Protein shakes,10
351492,Male,25,4,General health,0,,Protein shakes,6
990123,Female,25,5.1,Endurance training,1,2391,Protein shakes,7
599522,Male,22,5.2,Endurance training,1,2411,Protein shakes,7
591072,Male,28,7.5,Fat loss,4,1672,Electrolyte,12
138304,Male,24,6.5,Fat loss,1,1862,Electrolyte,10
604999,Male,25,5.800000000000001,Build muscle,4,2700,Protein shakes,10
431593,Female,23,7.5,Fat loss,1,1716,,10
707274,Male,25,5.4,General health,1,2175,Electrolyte,12
251836,Female,24,,Flexibility,1,2085,Protein shakes,12
208940,Male,26,4,Flexibility,1,1510,,7
924926,Female,32,3.6,Flexibility,1,1511,Fresh juice,6
365517,Male,33,7.4,Fat loss,3,1879,Electrolyte,10
767521,Female,32,6.9,Fat loss,4,1978,Fresh juice,13
721820,Female,34,4.1,General health,2,2389,Electrolyte,12
979090,Male,33,5.7,Flexibility,2,1934,Fresh juice,13
485777,Male,27,3.9,Build muscle,0,2671,Protein shakes,6
724674,Female,32,5.9,Build muscle,3,2595,Protein shakes,10
651638,Other,27,7.800000000000001,Build muscle,5,2805,Protein shakes,12
717296,Male,28,5.8,Endurance training,4,2372,Energy drinks,12
980729,Female,28,4.8,Build muscle,1,2772,,10
649639,Female,26,6.8,Build muscle,4,2918,Electrolyte,10
712956,Female,22,8.399999999999999,Build muscle,5,2884,Protein shakes,15
738873,Other,30,6,Build muscle,1,2912,Energy drinks,12
437497,Female,26,6.9,General health,4,2490,,10
307869,Male,19,6.2,Build muscle,3,2563,Protein shakes,11
165953,Male,31,4.2,Endurance training,1,2131,Protein shakes,12
943890,Male,33,5.4,Endurance training,3,2342,Electrolyte,10
600328,Female,32,6.6,General health,5,2118,Fresh juice,10
906790,Female,36,7.6,Build muscle,6,2831,Protein shakes,10
103267,Male,28,7,Flexibility,5,2120,Fresh juice,9
182745,Female,31,8.2,Fat loss,4,1772,Protein shakes,7
976020,Female,22,,Flexibility,1,1667,Fresh juice,10
924945,Female,32,5.7,Flexibility,3,1896,Fresh juice,8
257164,Male,25,5.4,Build muscle,1,2679,Protein shakes,8
635626,Male,22,7.2,Build muscle,3,2557,Protein shakes,10
231484,Male,35,5.9,Build muscle,4,2979,Protein shakes,13
631831,Male,33,6.9,Fat loss,4,1920,Protein shakes,9
992323,Male,27,7.8,Build muscle,5,2997,Protein shakes,10
160692,Male,34,,Build muscle,3,2578,,7
320156,Male,26,8.7,Fat loss,4,1959,Protein shakes,12
323992,Male,26,5.7,Build muscle,2,2560,Protein shakes,12
616771,Male,31,6.3,Build muscle,1,2868,Protein shakes,14
930857,Female,27,6.9,Fat loss,2,1620,Electrolyte,14
663044,Male,27,4.1,Build muscle,0,2706,Protein shakes,13
643176,Female,24,8.100000000000001,Build muscle,4,2533,Protein shakes,12
791095,Other,24,7.9,Fat loss,1,1569,Electrolyte,20
933727,Male,20,6.8999999999999995,Fat loss,2,1516,Electrolyte,9
214352,Male,28,6.2,General health,4,2295,Fresh juice,11
969474,Male,22,6.4,Fat loss,1,1996,Fresh juice,13
185999,Female,21,9.3,Fat loss,4,1519,Electrolyte,11
117955,Female,23,8.3,Fat loss,4,1956,Fresh juice,13
924273,Male,31,6.4,General health,3,2114,Electrolyte,13
170640,Female,30,4.8,General health,1,1868,Fresh juice,13
296582,Male,31,5.8,General health,4,1960,Electrolyte,11
844086,Male,24,6.1,Endurance training,3,,Electrolyte,14
500573,Female,28,5.1,Build muscle,0,2875,Protein shakes,5
525695,Male,38,5.6,Build muscle,3,2705,Protein shakes,10
161476,Female,27,4.9,Build muscle,1,2644,Protein shakes,10
406955,Male,27,3.7,Flexibility,1,2068,Fresh juice,10
267280,Other,31,5.8,Endurance training,3,,Fresh juice,9
775510,Male,32,6.1,General health,5,2184,Protein shakes,18
695468,Male,33,5.6,Build muscle,4,2768,Protein shakes,7
798646,Female,26,5.4,General health,1,2253,,9
737144,Male,22,6.8,Build muscle,1,2686,Electrolyte,9
954882,Other,34,5.8999999999999995,Build muscle,1,2505,Protein shakes,9
514568,Female,30,6.1000000000000005,Build muscle,1,2852,Electrolyte,13
286141,Female,26,6,Fat loss,1,1849,Energy drinks,8
998320,Female,22,8.8,Fat loss,4,1609,Protein shakes,9
734736,Other,23,5.6,General health,1,2282,Electrolyte,8
638685,Female,27,6.7,Build muscle,5,2906,,10
278031,Female,25,6.5,Fat loss,1,1637,Electrolyte,10
219180,Female,29,6.2,Fat loss,1,1550,Protein shakes,11
166234,Male,23,5.2,Build muscle,1,2902,Protein shakes,11
664242,Male,21,8.3,General health,5,2362,Protein shakes,13
278352,Female,33,4.1,General health,1,2275,Electrolyte,7
179459,Male,29,4,General health,1,1886,Fresh juice,13
509995,Male,25,6.6,General health,5,1867,Electrolyte,12
295004,Male,18,8.6,General health,6,2395,,12
566152,Male,37,4.7,Build muscle,1,2966,Protein shakes,6
825256,Female,25,6.1,General health,3,1841,Protein shakes,10
159163,Female,19,7.300000000000001,Build muscle,4,2718,Energy drinks,10
575853,Male,26,6,Build muscle,3,2556,Protein shakes,8
151934,Male,27,7.6,Build muscle,4,2725,Electrolyte,8
820255,Female,30,3.8,General health,1,1995,Electrolyte,5
525523,Male,30,4.3,General health,1,2477,Fresh juice,9
940530,Female,29,4.7,Build muscle,0,2561,Electrolyte,16
554137,Male,25,5.2,General health,3,2062,Energy drinks,11
105486,Male,23,6.1,Flexibility,4,1611,Fresh juice,6
239407,Other,26,7.1000000000000005,Build muscle,4,2752,Protein shakes,14
973332,Male,33,4.8,Build muscle,1,,Protein shakes,8
750308,Female,31,6.6,General health,4,1977,Fresh juice,8
727083,Female,26,7.1,Build muscle,5,2935,Protein shakes,16
320184,Male,25,6.3,Endurance training,4,2025,Fresh juice,7
766490,Female,22,5.699999999999999,Build muscle,1,2909,Protein shakes,12
449652,Other,31,5.5,Fat loss,0,1745,Protein shakes,7
861315,Male,28,4.2,General health,2,2330,Protein shakes,8
742612,Female,20,4,Endurance training,0,2264,Protein shakes,8
422710,Female,26,3.8,General health,1,2116,Fresh juice,12
297775,Female,26,3.6,General health,1,2331,Electrolyte,5
389336,Female,27,7.5,General health,5,1905,Protein shakes,13
887494,Male,31,5.6,Endurance training,4,2236,Fresh juice,9
708364,Female,27,4.4,Build muscle,1,2805,Protein shakes,10
189780,Female,26,8.4,Fat loss,4,1963,Electrolyte,11
252617,Female,29,5.1000000000000005,Build muscle,1,2745,Protein shakes,9
645977,Female,18,6.8,General health,4,1880,Fresh juice,11
897606,Female,33,6.3,Build muscle,4,2649,Protein shakes,15
450605,Male,31,6.6,Fat loss,3,1896,Energy drinks,12
989465,Female,21,6.5,Build muscle,1,2895,Electrolyte,7
633636,Female,26,6.2,General health,4,2321,Fresh juice,12
138102,Female,26,5.1,General health,4,2063,Energy drinks,9
174460,Female,33,4.6,Build muscle,1,2648,Energy drinks,13
464778,Male,33,7.4,General health,5,2073,Protein shakes,10
189930,Male,26,5.1,Build muscle,1,2693,,11
631089,Male,27,6.1,Fat loss,3,1931,Protein shakes,8
727438,Male,26,5.1,General health,4,1971,Electrolyte,11
827627,Female,19,5.699999999999999,Build muscle,1,2764,Protein shakes,11
279208,Female,32,5.3,Flexibility,4,1525,Fresh juice,7
254697,Female,32,5.5,Build muscle,1,2968,Protein shakes,9
313945,Male,28,4.8,Build muscle,0,2849,Energy drinks,8
331915,Female,25,4.5,Flexibility,1,1975,Fresh juice,11
827952,Male,18,6.8,Build muscle,2,2855,Protein shakes,11
308124,Male,36,,Flexibility,1,1525,Fresh juice,6
537477,Female,24,7.5,Flexibility,4,1533,Fresh juice,9
625830,Female,27,,Build muscle,3,2763,Protein shakes,7
383821,Male,37,5.1,Fat loss,0,1637,Protein shakes,10
277804,Male,25,4.5,Build muscle,0,2803,Protein shakes,9
805703,Male,18,6.300000000000001,Fat loss,1,1682,Electrolyte,11
139081,Male,31,,Build muscle,3,2862,Protein shakes,10
818216,Female,20,6.1000000000000005,Build muscle,2,2741,Fresh juice,11
455249,Male,28,5.8999999999999995,Build muscle,1,2553,Protein shakes,8
319930,Male,25,6.2,Fat loss,3,1961,Energy drinks,10
905497,Male,29,,Flexibility,3,1667,Fresh juice,13
617313,Male,26,6.1,General health,3,2430,Fresh juice,11
314532,Male,27,,General health,4,2454,Energy drinks,9
712380,Male,26,7,Fat loss,4,1580,Fresh juice,10
619332,Male,27,6.4,General health,4,2206,Protein shakes,7
416837,Male,33,6.2,Build muscle,5,2561,Electrolyte,11
389106,Female,34,6.2,General health,5,1845,Fresh juice,15
128295,Male,36,4.3,Flexibility,0,2098,Fresh juice,8
113807,Other,18,5.7,Build muscle,1,2598,Protein shakes,8
535564,Male,44,3.8,Endurance training,0,2294,Electrolyte,10
257504,Female,28,6.6,General health,4,,Electrolyte,11
338067,Female,32,5.8,Flexibility,2,1975,Fresh juice,10
585008,Female,22,6.5,General health,1,2391,Electrolyte,11
792440,Female,28,4.3,Build muscle,1,2515,Protein shakes,4
494540,Male,38,5.2,Build muscle,1,2859,Protein shakes,9
977699,Male,30,7,Build muscle,5,2986,Protein shakes,10
617923,Male,21,5.7,General health,1,2301,Electrolyte,14
266981,Female,26,5.1,Build muscle,0,2640,Protein shakes,13
844699,Male,35,3.9,General health,1,2419,Fresh juice,9
119870,Male,28,7.5,Build muscle,5,2802,Protein shakes,15
303196,Female,29,5.6,Build muscle,1,2764,Protein shakes,11
348683,Female,31,7.699999999999999,Fat loss,4,1946,Protein shakes,8
334677,Female,28,5.7,General health,3,2089,Electrolyte,8
126790,Female,18,7.1000000000000005,Build muscle,2,2708,Energy drinks,10
743162,Other,36,4.800000000000001,Fat loss,1,1974,Fresh juice,9
911721,Male,23,7.2,Fat loss,1,1912,Fresh juice,14
548345,Male,28,7.3,Build muscle,4,2664,Protein shakes,10
849074,Male,25,5,Build muscle,1,2926,Protein shakes,8
587462,Male,34,4.6,General health,3,,Electrolyte,8
639773,Female,22,7.7,Fat loss,2,1819,Protein shakes,9
930914,Male,30,,Build muscle,4,2651,Protein shakes,8
186188,Female,32,5.7,General health,3,2089,Fresh juice,10
629036,Male,25,6.7,Flexibility,4,1931,Fresh juice,14
842129,Female,25,5.9,Endurance training,4,2267,Fresh juice,11
764795,Female,35,5.6,Fat loss,3,1650,Fresh juice,7
890141,Male,28,4,General health,0,2054,Fresh juice,7
748249,Male,26,7.4,Flexibility,5,1852,Electrolyte,9
130355,Male,27,4.9,General health,1,2176,Fresh juice,8
811131,Male,38,6.8,Fat loss,5,1640,Protein shakes,8
551015,Male,26,6.8,Fat loss,1,1842,Electrolyte,10
506332,Male,20,7.2,General health,4,2157,Electrolyte,12
256542,Male,21,7.8,Build muscle,4,2595,Protein shakes,14
273416,Female,29,7,Fat loss,1,1928,Electrolyte,8
405062,Female,25,4,General health,1,2169,Protein shakes,9
938656,Female,32,4.9,Endurance training,1,2226,Protein shakes,8
663586,Male,19,5.9,Fat loss,1,1692,Fresh juice,10
601708,Female,30,4.4,Endurance training,2,2302,Fresh juice,9
966651,Male,21,5.6000000000000005,Build muscle,1,2813,Protein shakes,11
161629,Male,32,5.8,Fat loss,1,1992,Electrolyte,12
428184,Female,24,5.5,General health,1,2188,Electrolyte,10
592734,Male,25,4.5,Build muscle,1,2876,Protein shakes,9
855195,Female,23,6.4,Build muscle,1,,Electrolyte,7
390160,Female,22,6.1,Flexibility,3,1617,Fresh juice,5
648248,Male,30,,Build muscle,5,2504,Protein shakes,10
920023,Male,18,6.9,Build muscle,1,2943,Electrolyte,10
313920,Male,28,4.3,Flexibility,2,1851,Fresh juice,5
989765,Female,37,5.9,General health,3,2332,Energy drinks,10
342804,Male,27,4.9,Endurance training,3,2151,Protein shakes,12
476965,Male,29,6.4,General health,5,2439,Electrolyte,10
560857,Male,30,6,Build muscle,4,2623,Fresh juice,12
922827,Female,20,6.8,General health,5,2457,Electrolyte,12
604492,Male,20,8.2,Fat loss,1,1776,Electrolyte,13
753983,Male,26,5.9,General health,4,2193,Electrolyte,11
515916,Female,32,7.1,Fat loss,2,1651,Protein shakes,11
921052,Female,31,6.1,Endurance training,3,2359,Electrolyte,10
858574,Male,34,8.2,Fat loss,5,1610,Electrolyte,11
228148,Male,31,7.8,Fat loss,4,1968,Electrolyte,16
906991,Male,27,6,General health,4,2427,Fresh juice,7
586261,Female,35,5.4,Endurance training,3,2187,Electrolyte,12
455540,Male,28,5.6,Endurance training,2,,Electrolyte,6
292714,Male,25,7.699999999999999,Fat loss,3,1750,Protein shakes,10
831899,Female,35,5.4,Fat loss,1,,Electrolyte,11
383876,Female,31,6.9,General health,4,1949,Energy drinks,9
359747,Male,27,5,General health,1,,Electrolyte,10
715650,Female,28,6.1,Endurance training,3,2161,Electrolyte,15
523570,Female,29,3.6,Flexibility,1,1619,,8
375987,Male,18,5.9,General health,2,2381,Electrolyte,9
738353,Male,22,8.6,Fat loss,3,1911,Electrolyte,11
958158,Other,28,3.6,Endurance training,1,2350,Protein shakes,10
117640,Male,24,5.7,Flexibility,0,1598,Fresh juice,9
152528,Male,32,,Endurance training,4,2166,Protein shakes,6
924845,Male,30,3.9,General health,1,2462,Fresh juice,7
359214,Female,31,5.1,Endurance training,3,2325,Fresh juice,6
939070,Male,25,6.6,Fat loss,3,1963,Fresh juice,17
601108,Male,27,4.7,Build muscle,2,2501,Protein shakes,8
734421,Male,31,6.199999999999999,Fat loss,1,1651,Protein shakes,12
468501,Male,29,6,Flexibility,5,1900,Fresh juice,13
824226,Female,30,4.4,Endurance training,1,2364,Electrolyte,10
250159,Female,31,5.8,Fat loss,0,1564,Protein shakes,13
272502,Male,29,5.4,Flexibility,3,,Fresh juice,8
255576,Male,31,8.7,Fat loss,5,1568,Protein shakes,8
965291,Female,24,,Fat loss,5,1620,Energy drinks,9
986089,Male,22,5.9,General health,2,2420,Protein shakes,9
111023,Male,30,3.8,General health,0,2046,,7
645735,Other,22,7.8,Build muscle,3,2933,Protein shakes,11
488043,Female,28,5.5,Fat loss,1,1592,Protein shakes,10
386103,Male,22,6.6,Fat loss,1,1767,Electrolyte,12
166203,Male,33,6.6,Build muscle,4,2602,Protein shakes,12
260775,Male,36,5.5,Fat loss,1,1930,Fresh juice,6
109337,Male,24,9,Fat loss,4,1950,Fresh juice,13
670715,Male,26,5.5,Build muscle,1,2611,,10
614723,Male,23,8.3,Fat loss,4,1820,Fresh juice,11
423673,Male,24,6,Build muscle,2,2910,Protein shakes,11
464167,Female,24,8.2,Fat loss,4,1803,Electrolyte,15
446809,Female,29,5.9,General health,3,1861,Fresh juice,11
730075,Male,29,5.1,General health,1,2099,Protein shakes,6
787281,Male,24,6.2,Build muscle,0,2902,Electrolyte,8
395451,Female,28,6.3,Build muscle,3,2942,Protein shakes,14
520571,Male,25,6.1000000000000005,Build muscle,1,2635,Protein shakes,11
227016,Male,24,8,Fat loss,1,1554,Electrolyte,14
891267,Other,30,6.8,Build muscle,4,2607,Protein shakes,8
644447,Male,25,4.9,Fat loss,1,1802,Protein shakes,9
597562,Female,32,4.8,Build muscle,1,2757,Protein shakes,13
802965,Other,20,5.3,General health,1,2052,Fresh juice,9
483934,Male,33,6.9,Build muscle,4,2721,Protein shakes,8
992048,Male,26,4.9,Build muscle,1,2977,Electrolyte,11
965184,Male,21,6.8,General health,5,2168,Protein shakes,7
417428,Female,30,,Build muscle,5,2666,Protein shakes,7
419187,Female,24,6.5,Build muscle,1,2928,Protein shakes,11
790907,Female,36,6.9,Fat loss,4,1659,Electrolyte,11
983439,Male,35,5.2,Fat loss,1,1948,,11
182844,Female,23,6.5,General health,5,1965,Fresh juice,11
651820,Female,24,7.5,Build muscle,5,2704,Protein shakes,11
265421,Female,26,5.7,Fat loss,1,1766,Energy drinks,12
222402,Female,23,7.199999999999999,Build muscle,4,2637,Protein shakes,11
218012,Female,33,4.7,Build muscle,1,2867,Protein shakes,9
538661,Female,31,5.1,General health,4,2242,Fresh juice,13
498929,Female,24,8.2,General health,5,2366,,14
680466,Male,26,7.5,Build muscle,4,2903,Fresh juice,9
673695,Male,37,5.4,Fat loss,1,1708,Protein shakes,11
563556,Female,21,,Build muscle,4,2516,Electrolyte,12
675278,Male,20,8,General health,7,1867,Electrolyte,13
229473,Female,38,5.2,Build muscle,2,2632,Protein shakes,7
578007,Other,31,,Build muscle,4,2687,Fresh juice,9
944573,Female,28,6.5,Fat loss,1,1906,Electrolyte,12
517009,Male,25,6.300000000000001,Fat loss,1,1929,Electrolyte,13
418714,Male,22,9.8,Fat loss,5,1807,Fresh juice,13
326156,Male,28,6,Build muscle,4,2637,Fresh juice,10
268964,Female,34,6.9,Build muscle,4,,Protein shakes,11
625303,Female,30,5.4,Fat loss,1,1911,Electrolyte,8
161813,Female,18,7.8,Build muscle,4,2596,Protein shakes,11
127712,Male,32,4.2,General health,1,2482,Protein shakes,8
724785,Female,18,9.4,Build muscle,5,2653,Energy drinks,11
867214,Female,19,6.8,Fat loss,1,1682,Electrolyte,8
212816,Male,32,7.5,Endurance training,5,2241,Electrolyte,9
228778,Female,29,6.2,Build muscle,4,2803,Electrolyte,8
686580,Male,32,6,Endurance training,4,2284,Electrolyte,11
385977,Male,28,4.1,General health,1,1826,Electrolyte,9
235230,Female,26,,Build muscle,1,2901,Electrolyte,9
818040,Male,23,6.6,Flexibility,4,1859,Fresh juice,10
906741,Female,20,7.1000000000000005,Fat loss,2,1559,Electrolyte,9
369114,Female,27,7.6000000000000005,Build muscle,4,2701,Fresh juice,12
434618,Female,20,6.4,Fat loss,1,1749,Electrolyte,11
932972,Male,35,5.8,Build muscle,1,2861,Protein shakes,10
251456,Male,32,3,General health,0,2380,Electrolyte,6
904449,Female,18,5,General health,1,2169,Electrolyte,9
962312,Male,21,5.9,General health,0,2332,Fresh juice,11
205570,Male,25,5.9,Flexibility,2,1651,Fresh juice,9
370846,Male,28,6.9,General health,5,1901,Fresh juice,10
100404,Female,20,5.5,Endurance training,0,2386,Energy drinks,8
803286,Male,31,5,Build muscle,2,2987,Protein shakes,10
374907,Female,23,6.2,Fat loss,1,1594,Protein shakes,9
773744,Female,18,,Build muscle,2,2945,Energy drinks,9
815460,Male,24,6.9,General health,4,2028,Fresh juice,10
984574,Male,29,8.100000000000001,Fat loss,4,1624,Fresh juice,12
765220,Other,33,6.5,Build muscle,1,2757,Protein shakes,9
335365,Female,23,7.699999999999999,Build muscle,4,2821,Electrolyte,9
442786,Female,31,6.8,Build muscle,5,2986,Protein shakes,11
150612,Female,30,5.9,Fat loss,2,1868,Protein shakes,11
910006,Male,22,7.6000000000000005,Fat loss,1,1925,Energy drinks,9
909956,Male,37,5,Endurance training,1,2235,Protein shakes,7
300244,Male,24,,Fat loss,1,1661,Fresh juice,7
897348,Male,26,5.8,Endurance training,2,2041,Electrolyte,8
104809,Male,27,5.7,Build muscle,3,2775,Electrolyte,10
263273,Male,23,8.7,Build muscle,5,2852,Electrolyte,14
808690,Male,24,7.2,Fat loss,1,1567,Protein shakes,9
244528,Female,21,8.5,Fat loss,4,1672,Protein shakes,10
606964,Female,27,5.5,Build muscle,0,2991,Protein shakes,10
549613,Male,19,7.4,Build muscle,2,2830,Protein shakes,13
138765,Female,42,5.9,Build muscle,5,2624,Electrolyte,8
931538,Male,24,,Fat loss,1,1669,Electrolyte,12
416076,Female,25,5.7,Build muscle,4,2546,Protein shakes,13
943523,Male,23,7.6,Endurance training,4,2260,Protein shakes,9
646237,Other,24,7.9,General health,5,2016,Fresh juice,9
301152,Female,32,5.8,Build muscle,1,2804,Protein shakes,10
399888,Male,26,5,Flexibility,4,1623,Fresh juice,9
800903,Male,29,,Fat loss,0,1792,Electrolyte,12
994751,Male,38,,Endurance training,1,2161,Protein shakes,13
192193,Male,19,6.1,Endurance training,3,2200,Protein shakes,9
136187,Male,27,6.3,Endurance training,6,2453,Energy drinks,11
605950,Female,23,9.3,Fat loss,4,1901,Fresh juice,13
238311,Male,28,8.4,Fat loss,4,1961,Electrolyte,12
900921,Female,30,5.7,Build muscle,1,2774,Electrolyte,11
608153,Female,24,8,Build muscle,4,2705,Protein shakes,16
289089,Male,22,6.4,Build muscle,1,2539,Protein shakes,9
686165,Female,32,,Build muscle,1,2772,Protein shakes,7
536341,Male,20,5.7,Build muscle,1,2687,,13
412066,Female,29,4.5,Build muscle,1,2854,Protein shakes,10
718362,Male,22,7.3,General health,5,1892,Electrolyte,13
787409,Other,26,6.3,General health,5,1841,Electrolyte,10
661419,Female,22,5.4,Flexibility,0,1964,Electrolyte,10
740053,Male,34,4.7,Fat loss,0,1878,Electrolyte,6
960395,Male,27,6,General health,3,1906,Fresh juice,9
731172,Female,32,4.7,General health,0,2127,Protein shakes,8
225917,Female,28,6.699999999999999,Fat loss,3,1564,Electrolyte,10
910717,Male,32,5.7,Build muscle,1,2864,Electrolyte,11
399770,Male,30,4.5,Flexibility,1,1983,Protein shakes,10
798168,Female,32,6.5,Fat loss,1,1634,Protein shakes,8
581680,Male,21,7.699999999999999,Fat loss,1,1993,Electrolyte,12
381342,Female,18,7.2,Build muscle,4,2888,Protein shakes,9
639542,Male,24,6.3999999999999995,Build muscle,2,2523,,12
144238,Male,23,8,General health,7,2339,Electrolyte,9
101252,Female,22,6.2,Endurance training,1,2061,Electrolyte,11
926196,Male,32,5.9,Build muscle,4,2990,Electrolyte,14
964141,Male,23,5.5,Build muscle,1,2772,Protein shakes,7
585450,Male,25,5.4,Fat loss,2,1728,Protein shakes,9
415826,Male,27,7.4,Fat loss,2,1519,Fresh juice,13
421638,Female,31,6.6,Build muscle,5,2502,Electrolyte,7
705605,Male,27,,General health,4,2220,Electrolyte,9
427359,Female,19,7.1000000000000005,Build muscle,1,2717,Protein shakes,10
702875,Female,21,6.3,Build muscle,1,2898,Protein shakes,17
106949,Female,24,6.2,Endurance training,1,2306,Electrolyte,8
863185,Male,18,6.2,Build muscle,3,2931,Protein shakes,9
417537,Male,22,6.3,General health,1,1935,Protein shakes,12
828913,Female,29,4.5,General health,0,2314,Electrolyte,10
762301,Female,23,7.1,General health,4,1992,Fresh juice,15
650222,Female,31,,Build muscle,1,2572,Protein shakes,10
880722,Male,27,5.3,Build muscle,1,,Protein shakes,7
555102,Male,28,6.7,Build muscle,4,2860,Protein shakes,8
437889,Female,22,8.4,Fat loss,3,1617,Protein shakes,8
576467,Female,35,5.4,General health,3,2465,Electrolyte,8
456600,Female,31,4.3,General health,1,2008,Fresh juice,7
415557,Female,25,6.4,General health,4,1833,Electrolyte,7
983671,Female,28,5.5,Flexibility,4,2148,Fresh juice,6
404462,Male,32,4.8,General health,1,2117,Fresh juice,12
350875,Male,24,7,Build muscle,1,2619,Protein shakes,14
563389,Male,20,8.8,Build muscle,4,2614,Protein shakes,13
170390,Male,29,3.7,Endurance training,1,2012,Protein shakes,10
807689,Female,32,5.5,Build muscle,2,2568,Electrolyte,5
353490,Male,28,7.4,Build muscle,4,2924,Protein shakes,12